<JSimConfig >
<!--
PARAMETERS
time: Duration of simulation
rtlog: enable/disable(default) this log
dbglog: enable/disable(default) this log
tracelog: enable/disable(default) this log
fsmlog: enable/disable(default) this log

EVENTS
Types:
- UP_COMPONENT: Not implement
- DOWN_COMPONENT: If Component is a link, disconnect it. If it's a Node, disconnect all links form the Node. it must have only 1 component
- UP_LINK: Not implement
- DOWN_LINK: Disconnect all links between two nodes. It must have 2 components

To determinate what are the components. Run a script without events (emulation1.tcl) and then execute ls -a in the console. Links usualy take the format ".linkX" where X is a number. Nodes usually take take the format "nXXXXXXX" where XXXXXXX is ID of node.
If you know the id of the components, run emulation1.tcl isn't necesary.
emulation2.tcl is the script that execute all events of this archive

Events must be sorted
-->
<simulation time="7500" rtlog="enable" dbglog="enable" tracelog="enable" fsmlog="enable">
</simulation>

<!-- 
Values of tie_braking:
tbid_tiebreaking = take tbid to take decision in a tie break (less) (Opcion eliminada)
random_tiebreaking = random
defalut = take bgp_id to take decision (less)
default_local_pref:
100 by defaut
Values for med:
always_compare_med 
default (determinist_med)
-->
<bgp tie_breaking="default" default_local_pref="90" med="default" routes_compare_level="level 2"/>
<mp_bgp mp_type="AF_INET" mp_bfd="disabled" mp_bfd_poll_interval="default" />
<!-- AS1 -->
<components>
	<router id="router1">
	  <interface name="lo" address="10.0.1.1"/>
	  <bgp as="1" prefix="10.0.1.0/24">
		 <neighbour IP="10.0.2.1" remote-as="2" />
	  </bgp>
	  <mp_bgp ct="101" nrli="123.0.0.0/24">			
		 <neighbour IP="10.0.3.1" remote-ct="103" />	
	  </mp_bgp>								
	</router>
	<!-- FIN AS1 -->

	<!-- AS2 -->
	<router>
	  <interface name="lo" address="10.0.2.1"/>
	  <bgp as="2" prefix="180.2.0.0/16">
		 <neighbour IP="10.0.1.1" remote-as="1"/>
		 <neighbour IP="10.0.3.1" remote-as="3"/>
	  </bgp>
	</router>
	<!-- FIN AS2 -->

	<!-- AS3 -->
	<router>
	  <interface name="lo" address="10.0.3.1"/>
	  <bgp as="3" prefix="10.0.3.0/24">
		 <neighbour IP="10.0.2.1" remote-as="2"/>
	  </bgp>
	  <mp_bgp ct="103" nrli="121.0.0.0/24">			
		 <neighbour IP="10.0.1.1" remote-ct="101" />	
	  </mp_bgp>								
	</router>
<!-- FIN AS3 -->
</components>

</JSimConfig>
