<JSimConfig >
<!--
PARAMETERS
time: Duration of simulation
rtlog: enable/disable(default) this log
dbglog: enable/disable(default) this log
tracelog: enable/disable(default) this log
fsmlog: enable/disable(default) this log

EVENTS
Types:
- UP_COMPONENT: Not implement
- DOWN_COMPONENT: If Component is a link, disconnect it. If it's a Node, disconnect all links form the Node. it must have only 1 component
- UP_LINK: Not implement
- DOWN_LINK: Disconnect all links between two nodes. It must have 2 components

To determinate what are the components. Run a script without events (emulation1.tcl) and then execute ls -a in the console. Links usualy take the format ".linkX" where X is a number. Nodes usually take take the format "nXXXXXXX" where XXXXXXX is ID of node.
If you know the id of the components, run emulation1.tcl isn't necesary.
emulation2.tcl is the script that execute all events of this archive

Events must be sorted
-->
<simulation time="7500" rtlog="enable" dbglog="enable" tracelog="disable" fsmlog="disable">
	<event type="DOWN_COMPONENT" time="1000" message="Example of DOWN_COMPONENT (link) 10.0.1.1 - 10.0.1.2">
		<component id=".link0"/>
	</event>
	<event type="UP_COMPONENT" time="2000" message="Example of UP_COMPONENT (link) 10.0.1.1 - 10.0.1.2">
		<component id=".link0"/>
	</event>

	<event type="DOWN_COMPONENT" time="4000" message="Example of DOWN_COMPONENT (node)">
		<component id="10.0.2.1"/>
	</event>
	<event type="DOWN_LINK" time="5000" message="Example of DOWN_LINK">
		<component id="10.0.3.1"/>
		<component id="10.0.3.3"/>
	</event>
	<event type="DOWN_COMPONENT" time="5500" message="Example of DOWN_COMPONENT (link)">
		<component id=".link10"/>
	</event>
	<event type="UP_LINK" time="7000" message="Cheking UP_LINK">
		<component id="10.0.3.1"/>
		<component id="10.0.3.3"/>
	</event>
</simulation>

<!-- 
Values of tie_braking:
tbid_tiebreaking = take tbid to take decision in a tie break (less) (Opcion eliminada)
random_tiebreaking = random
defalut = take bgp_id to take decision (less)
default_local_pref:
100 by defaut
Values for med:
always_compare_med 
default (determinist_med)
-->
<bgp tie_breaking="default" default_local_pref="100" med="always_comapare_med"/>
<mp_bgp mp_type="AF_INET6" mp_bfd="disabled" mp_bfd_poll_interval="default" />
<!-- AS1 -->
<components>
	<router id="R_AS1">
	  <interface name="lo" address="10.0.1.1"/>
	  <bgp as="1" prefix="100.0.1.0/24">
		 <neighbour IP="10.0.10.1" remote-as="10" />
	  </bgp>
	</router>
	<!-- FIN AS1 -->

	<!-- AS10 -->
	<router id="R_AS10">
	  <interface name="R_AS10" address="10.0.10.1"/>
	  <bgp as="10" prefix="100.0.10.0/24">
		 <neighbour IP="10.0.1.1" remote-as="1"/>
		 <neighbour IP="10.0.2.1" remote-as="2"/>
		 <neighbour IP="10.0.3.1" remote-as="3"/>
	  </bgp>
	</router>
	<!-- FIN AS10 -->

	<!-- AS2 -->
	<router id="R_AS2">
	  <interface name="lo" address="10.0.2.1"/>
	  <bgp as="2" prefix="100.0.2.0/24">
		 <neighbour IP="10.0.10.1" remote-as="10"/>
	  </bgp>
	</router>
	<!-- FIN AS2 -->
	
	<!-- AS3 -->
	<router id="R_AS3">
	  <interface name="lo" address="10.0.3.1"/>
	  <bgp as="3" prefix="100.0.3.0/24">
		 <neighbour IP="10.0.10.1" remote-as="10"/>
	  </bgp>
	</router>
<!-- FIN AS3 -->

</components>

</JSimConfig>
